{"stats":{"minecraft:dropped":{"byg:biomepedia":1,"minecraft:soul_campfire":1,"tconstruct:materials_and_you":1,"byg:vermilion_sculk_growth":1,"minecraft:diamond":128,"minecraft:nether_star":426,"byg:ether_stone":2,"forbidden_arcanus:polished_darkstone":1,"quark:wraith_spawn_egg":64,"byg:ether_leaves":2,"forbidden_arcanus:stellarite_piece":172,"create:smart_chute":1,"cae:source_time_crystal":2,"byg:ether_phylium":1,"integrateddynamics:on_the_dynamics_of_integration":1,"minecraft:end_stone":1,"byg:ether_log":4,"create:creative_crate":64,"epicsamurai:akaname_spawn_egg":3,"moderntrainparts:yellow_container":1,"forbidden_arcanus:arcane_chiseled_polished_darkstone":1},"minecraft:custom":{"minecraft:interact_with_smithing_table":1,"minecraft:time_since_rest":258699,"lootr:looted_stat":4,"minecraft:sprint_one_cm":1592,"minecraft:walk_one_cm":4350,"minecraft:drop":147,"minecraft:damage_dealt":200,"minecraft:fly_one_cm":730583,"minecraft:crouch_one_cm":343,"minecraft:play_time":258699,"minecraft:sneak_time":1777,"minecraft:jump":21,"minecraft:leave_game":1,"minecraft:time_since_death":258699,"minecraft:total_world_time":265204},"minecraft:picked_up":{"forbidden_arcanus:stellarite_piece":172,"integrateddynamics:on_the_dynamics_of_integration":1,"minecraft:diamond":1915},"minecraft:used":{"create:smart_chute":3,"byg:ether_log":3,"cae:source_time_crystal":16,"forbidden_arcanus:arcane_crystal_obelisk":2,"forbidden_arcanus:chiseled_arcane_polished_darkstone":4,"quark:wraith_spawn_egg":1,"byg:ether_stone":1,"forbidden_arcanus:polished_darkstone":56,"moderntrainparts:yellow_container":16,"minecraft:soul_campfire":1,"biomesoplenty:yellow_autumn_leaves":1,"minecraft:skeleton_spawn_egg":1,"forbidden_arcanus:arcane_chiseled_polished_darkstone":23,"forbidden_arcanus:darkstone_pedestal":7,"minecraft:smithing_table":2,"forbidden_arcanus:hephaestus_forge":7,"create:creative_crate":3,"minecraft:end_stone":4,"byg:ether_phylium":1,"forbidden_arcanus:mundabitur_dust":1}},"DataVersion":2975}