{
  "lootr:social": {
    "criteria": {
      "opened_chest": "2023-08-23 21:22:15 +0200"
    },
    "done": false
  },
  "farmersdelight:main/root": {
    "criteria": {
      "seeds": "2023-08-23 21:00:01 +0200"
    },
    "done": true
  },
  "explorerscompass:explorers_compass_cracked_stone_bricks": {
    "criteria": {
      "has_cracked_stone_bricks": "2023-08-23 21:00:01 +0200"
    },
    "done": true
  },
  "lootr:root": {
    "criteria": {
      "always_true": "2023-08-23 21:00:11 +0200"
    },
    "done": true
  },
  "architects_palette:main/root": {
    "criteria": {
      "craftingtable": "2023-08-23 21:00:01 +0200"
    },
    "done": true
  },
  "minecraft:end/root": {
    "criteria": {
      "entered_end": "2023-08-23 21:21:07 +0200"
    },
    "done": true
  },
  "naturescompass:natures_compass": {
    "criteria": {
      "has_compass": "2023-08-23 21:00:01 +0200"
    },
    "done": true
  },
  "minecraft:story/enter_the_end": {
    "criteria": {
      "entered_end": "2023-08-23 21:21:07 +0200"
    },
    "done": true
  },
  "tconstruct:tools/materials_and_you": {
    "criteria": {
      "crafted_book": "2023-08-23 21:00:11 +0200"
    },
    "done": true
  },
  "tconstruct:internal/starting_book": {
    "criteria": {
      "tick": "2023-08-23 21:00:11 +0200"
    },
    "done": true
  },
  "byg:root": {
    "criteria": {
      "tick": "2023-08-23 21:00:11 +0200"
    },
    "done": true
  },
  "biomesoplenty:biomesoplenty/all_biomes": {
    "criteria": {
      "seasonal_forest": "2023-08-23 21:00:01 +0200"
    },
    "done": false
  },
  "create:chute": {
    "criteria": {
      "0": "2023-08-23 22:20:51 +0200"
    },
    "done": true
  },
  "farmersdelight:main/place_campfire": {
    "criteria": {
      "soul_campfire": "2023-08-23 23:13:29 +0200"
    },
    "done": true
  },
  "biomesoplenty:biomesoplenty/root": {
    "criteria": {
      "seasonal_forest": "2023-08-23 21:00:01 +0200"
    },
    "done": true
  },
  "create:root": {
    "criteria": {
      "0": "2023-08-23 21:00:01 +0200"
    },
    "done": true
  },
  "naturescompass:natures_compass_log": {
    "criteria": {
      "has_recipe": "2023-08-23 21:00:01 +0200"
    },
    "done": true
  },
  "naturescompass:natures_compass_sapling": {
    "criteria": {
      "has_recipe": "2023-08-23 21:00:01 +0200"
    },
    "done": true
  },
  "minecraft:story/mine_diamond": {
    "criteria": {
      "diamond": "2023-08-23 21:05:40 +0200"
    },
    "done": true
  },
  "integrateddynamics:root": {
    "criteria": {
      "criteria_0": "2023-08-23 21:01:07 +0200"
    },
    "done": true
  },
  "byg:biomepedia_gift": {
    "criteria": {
      "tick": "2023-08-23 21:00:11 +0200"
    },
    "done": true
  },
  "explorerscompass:explorers_compass_cobweb": {
    "criteria": {
      "has_recipe": "2023-08-23 21:00:01 +0200",
      "has_cobweb": "2023-08-23 21:00:01 +0200"
    },
    "done": true
  },
  "explorerscompass:explorers_compass": {
    "criteria": {
      "has_recipe": "2023-08-23 21:00:01 +0200",
      "has_compass": "2023-08-23 21:00:01 +0200"
    },
    "done": true
  },
  "minecraft:end/find_end_city": {
    "criteria": {
      "in_city": "2023-08-23 21:22:12 +0200"
    },
    "done": true
  },
  "lootr:1chest": {
    "criteria": {
      "opened_chest": "2023-08-23 21:22:15 +0200"
    },
    "done": true
  },
  "DataVersion": 2975
}